titre_page_principale,prix_page_principale,Catégorie,Année/Modèle,Boîte de vitesse,Type de carburant,Kilométrage,Marque,Modèle,Nombre de portes,Origine,Première main,Puissance fiscale,État
Jeep Wrangler Diesel Automatique 2021 à Casablanca,450 000 DH,"Voitures d'occasion, à vendre",2021.0,Automatique,Diesel,80 000 - 84 999,Jeep,Wrangler,5,WW au Maroc,Oui,9 CV,Excellent
RangeRover HSE,160 000 DH,"Voitures d'occasion, à vendre",2013.0,Automatique,Diesel,170 000 - 179 999,Land Rover,Range Rover Sport,5,Importée neuve,Oui,12 CV,Excellent
porsche cayenne turbo e hybrid,2 350 000 DH,"Voitures d'occasion, à vendre",2024.0,Automatique,Hybride,30 000 - 34 999,Porsche,Cayenne,5,Importée neuve,Oui,23 CV,Excellent
Mercedes glc 300de,Phone IconDemander le prix,"Voitures d'occasion, à vendre",2025.0,Automatique,Diesel,0 - 4 999,Mercedes-Benz,Classe GLC,5,Importée neuve,Oui,11 CV,Neuf
Audi Q8 Diesel,Phone IconDemander le prix,"Voitures d'occasion, à vendre",2025.0,Automatique,Diesel,0 - 4 999,Audi,Q8,5,Importée neuve,Non,11 CV,Neuf
Renault Clio 5 Diesel Manuelle 2022 à Oujda,165 000 DH,"Voitures d'occasion, à vendre",2022.0,Manuelle,Diesel,85 000 - 89 999,Renault,Clio,5,WW au Maroc,6 CV,Excellent,
Belle Voiture Rouge 2008 a louer,230 DH,"Voitures de location, à louer",,,,,,,,,,,
Kia CEED automatique,Phone IconDemander le prix,,,,,,,,,,,,
Range Rover disponible à Casablanca,Phone IconDemander le prix,"Voitures de location, à louer",,,,,,,,,,,
208 WW disponible à louer,Phone IconDemander le prix,"Voitures de location, à louer",,,,,,,,,,,
Renault clio 5 a louer,Phone IconDemander le prix,"Voitures de location, à louer",,,,,,,,,,,
Voitures de location à Martil,249 DH,"Voitures de location, à louer",,,,,,,,,,,
Location de c3 citroen,Phone IconDemander le prix,"Voitures de location, à louer",,,,,,,,,,,
Hyundai Tucson a louer,Phone IconDemander le prix,"Voitures de location, à louer",,,,,,,,,,,
Mercedes-Benz class C220 cabriolet à Casablanca,Phone IconDemander le prix,"Voitures d'occasion, à vendre",2019.0,Automatique,Diesel,120 000 - 129 999,Mercedes-Benz,Classe C,5,Importée neuve,Oui,8 CV,Neuf
Picanto economique a louer,Phone IconDemander le prix,"Voitures de location, à louer",,,,,,,,,,,
Mercedes-Benz Classe CLA Diesel Automatique 2022,Phone IconDemander le prix,"Voitures d'occasion, à vendre",2022.0,Automatique,Diesel,140 000 - 149 999,Mercedes-Benz,Classe CLA,5,WW au Maroc,Non,9 CV,Excellent
RENAULT MEGANE DIESEL AUTOMATIQUE2024 à Casablanca,345 000 DH,"Voitures d'occasion, à vendre",2024.0,Automatique,Electrique,10 000 - 14 999,Renault,Megane,5,WW au Maroc,8 CV,Excellent,
Porsche Cayenne V6,Phone IconDemander le prix,"Voitures d'occasion, à vendre",2019.0,Automatique,Essence,80 000 - 84 999,Porsche,Cayenne,5,Importée neuve,Oui,17 CV,Excellent
Citroen DS7 Rivoli,260 000 DH,"Voitures d'occasion, à vendre",2020.0,Automatique,Diesel,100 000 - 109 999,DS,DS 7,5,WW au Maroc,Oui,8 CV,Excellent
"Priced at 185 dirhams, Dacia Logan",300 DH,"Voitures de location, à louer",,,,,,,,,,,
Opel Astra Diesel Manuelle 2023 à Oujda,278 000 DH,"Voitures d'occasion, à vendre",2023.0,Manuelle,Diesel,50 000 - 54 999,Opel,Astra,5,WW au Maroc,6 CV,Excellent,
VW GOLF8 AKRAPOVIC 2024,550 000 DH,"Voitures d'occasion, à vendre",2024.0,Automatique,Essence,20 000 - 24 999,Volkswagen,Golf 8,5,Importée neuve,Oui,12 CV,Excellent
Location de voiture à Casablanca,Phone IconDemander le prix,"Voitures de location, à louer",,,,,,,,,,,
Kia Picanto manuelle,53 000 DH,"Voitures d'occasion, à vendre",2005.0,Manuelle,Essence,130 000 - 139 999,Kia,Picanto,5,WW au Maroc,Non,6 CV,Très bon
Ford fiesta,Phone IconDemander le prix,"Voitures d'occasion, à vendre",2021.0,Manuelle,Diesel,100 000 - 109 999,Ford,Fiesta,5,WW au Maroc,Oui,6 CV,Très bon
kia,72 000 DH,"Voitures d'occasion, à vendre",2000.0,Manuelle,Essence,150 000 - 159 999,Kia,Picanto,5,WW au Maroc,Non,5 CV,Excellent
Mercedes-Benz AMG Classe A berline,Phone IconDemander le prix,"Voitures d'occasion, à vendre",2020.0,Automatique,Essence,85 000 - 89 999,Mercedes-Benz,180,5,Dédouanée,Oui,6 CV,Excellent
Volkswagen Touareg Diesel Automatique 2022 à Oujda,430 000 DH,"Voitures d'occasion, à vendre",2022.0,Automatique,Diesel,120 000 - 129 999,Volkswagen,Touareg,5,WW au Maroc,12 CV,Excellent,
Range Rover Evoque,200 000 DH,"Voitures d'occasion, à vendre",2015.0,Automatique,Diesel,140 000 - 149 999,Land Rover,Range Rover,5,WW au Maroc,Non,9 CV,Excellent
luxury car,Phone IconDemander le prix,"Voitures de location, à louer",,,,,,,,,,,
Voiture Verte pour location a oujda,450 DH,"Voitures de location, à louer",,,,,,,,,,,
Ford fiesta  pour location,199 DH,"Voitures de location, à louer",,,,,,,,,,,
Dacia Duster automatique nouveau,399 DH,"Voitures de location, à louer",,,,,,,,,,,
Location de voitures Aéroport Rabat Salé,199 DH,"Voitures de location, à louer",,,,,,,,,,,
Location des voitures,Phone IconDemander le prix,"Voitures de location, à louer",,,,,,,,,,,
Volkswagen Golf 6 Diesel Automatique 2010,105 000 DH,"Voitures d'occasion, à vendre",2010.0,Automatique,Diesel,30 000 - 34 999,Volkswagen,Golf 6,5,Dédouanée,Non,8 CV,Très bon
Location voitures à Marrakech aéroport,230 DH,"Voitures de location, à louer",,,,,,,,,,,
fiat fiorino,125 000 DH,,,,,,,,,,,,
Renault Captur Diesel Manuelle 2022 à Rabat,188 000 DH,"Voitures d'occasion, à vendre",2022.0,Manuelle,Diesel,80 000 - 84 999,Renault,Captur,5,WW au Maroc,Oui,6 CV,Excellent
Toyota avensis Diesel 1 er main ✋️,69 000 DH,"Voitures d'occasion, à vendre",2007.0,Manuelle,Diesel,250 000 - 299 999,Toyota,Avensis,5,WW au Maroc,Oui,8 CV,Excellent
Louer votre Kia seltos SUV,Phone IconDemander le prix,"Voitures de location, à louer",,,,,,,,,,,
voiture familiale Lodgy a louer,Phone IconDemander le prix,"Voitures de location, à louer",,,,,,,,,,,
Abarth 595 Essence competizione excellent,215 000 DH,"Voitures d'occasion, à vendre",2021.0,Automatique,Essence,50 000 - 54 999,Abarth,595,3,WW au Maroc,Non,8 CV,Excellent
Kia Picanto a louer,Phone IconDemander le prix,"Voitures de location, à louer",,,,,,,,,,,
Mercedes-Benz Classe V  220 Diesel Auto 2018,Phone IconDemander le prix,"Voitures d'occasion, à vendre",2018.0,Automatique,Diesel,120 000 - 129 999,Mercedes-Benz,Classe V,5,WW au Maroc,Non,9 CV,Excellent
Mercedes-Benz Classe A Diesel Automatique 2021,Phone IconDemander le prix,"Voitures d'occasion, à vendre",2021.0,Automatique,Diesel,130 000 - 139 999,Mercedes-Benz,Classe A,5,WW au Maroc,Oui,8 CV,Neuf
Land Rover Range Rover Evoque Diesel Automatique,260 000 DH,"Voitures d'occasion, à vendre",2016.0,Automatique,Diesel,80 000 - 84 999,Land Rover,Range Rover Evoque,5,WW au Maroc,Oui,9 CV,Bon
Volkswagen Caddy Diesel Manuelle 2021 à Agadir,Phone IconDemander le prix,"Voitures d'occasion, à vendre",2021.0,Manuelle,Diesel,60 000 - 64 999,Volkswagen,Caddy,5,WW au Maroc,Oui,8 CV,Excellent
Renault Captur Diesel Manuelle finition techno,Phone IconDemander le prix,"Voitures d'occasion, à vendre",2023.0,Manuelle,Diesel,60 000 - 64 999,Renault,Captur,5,WW au Maroc,Oui,6 CV,Excellent
Ford Focus Diesel Automatique 2023 à Tanger,227 000 DH,"Voitures d'occasion, à vendre",2023.0,Automatique,Diesel,75 000 - 79 999,Ford,Focus,5,WW au Maroc,Oui,6 CV,Excellent
BMW X5 Hybride Automatique 2022 à Marrakech,780 000 DH,"Voitures d'occasion, à vendre",2022.0,Automatique,Hybride,25 000 - 29 999,BMW,X5,5,WW au Maroc,Oui,17 CV,Excellent
Land Rover Range Rover Vogue Diesel Automatique,179 500 DH,"Voitures d'occasion, à vendre",2013.0,Automatique,Diesel,200 000 - 249 999,Land Rover,Range Rover Vogue,5,Importée neuve,Non,18 CV,Très bon
Hyundai Bayon Essence Automatique 2023 à Agadir,210 000 DH,"Voitures d'occasion, à vendre",2023.0,Automatique,Essence,30 000 - 34 999,Hyundai,Bayon,5,WW au Maroc,6 CV,Excellent,
Mercedes-Benz Classe S63 Coupé,680 000 DH,"Voitures d'occasion, à vendre",2016.0,Automatique,Essence,90 000 - 94 999,Mercedes-Benz,Classe S,3,Dédouanée,Oui,22 CV,Excellent
nissan micra 2022,148 000 DH,"Voitures d'occasion, à vendre",2022.0,Manuelle,Diesel,85 000 - 89 999,Nissan,Micra,5,WW au Maroc,6 CV,Excellent,ABS
Ford Fiesta A votre disposition,Phone IconDemander le prix,"Voitures de location, à louer",,,,,,,,,,,
Hyundai Tucson Diesel Automatique 2020 à Salé,Phone IconDemander le prix,"Voitures d'occasion, à vendre",2020.0,Automatique,Diesel,80 000 - 84 999,Hyundai,Tucson,5,WW au Maroc,Non,6 CV,Excellent
Kia seltos SUV a louer,Phone IconDemander le prix,"Voitures de location, à louer",,,,,,,,,,,
Land Rover Range Rover Evoque Diesel Automatique,Phone IconDemander le prix,"Voitures d'occasion, à vendre",2021.0,Automatique,Diesel,85 000 - 89 999,Land Rover,Range Rover Evoque,5,WW au Maroc,Oui,8 CV,Excellent
Location de Tucson,Phone IconDemander le prix,"Voitures de location, à louer",,,,,,,,,,,
caddy volkswagen,130 000 DH,"Voitures d'occasion, à vendre",2007.0,Manuelle,Diesel,350 000 - 399 999,Volkswagen,Caddy,5,Dédouanée,Non,8 CV,Caméra de recul
Jaguar X-Type Automatique 2008 à Tanger Marjane,60 000 DH,"Voitures d'occasion, à vendre",2008.0,Automatique,Essence,180 000 - 189 999,Jaguar,X-Type,5,WW au Maroc,Non,12 CV,Excellent
Golf 8 GTD,405 000 DH,"Voitures d'occasion, à vendre",2021.0,Automatique,Diesel,75 000 - 79 999,Volkswagen,Golf 8,Importée neuve,10 CV,Excellent,,
land-rover range rover vogue,520 000 DH,"Voitures d'occasion, à vendre",2020.0,Automatique,Diesel,110 000 - 119 999,Land Rover,Range Rover Vogue,5,WW au Maroc,Oui,12 CV,Excellent
peugeot 208 diesel allure,173 000 DH,"Voitures d'occasion, à vendre",2022.0,Manuelle,Diesel,30 000 - 34 999,Peugeot,208,5,WW au Maroc,Non,6 CV,Excellent
Toyota Corolla Hybride Automatique 2020,190 000 DH,"Voitures d'occasion, à vendre",2020.0,Automatique,Hybride,95 000 - 99 999,Toyota,Corolla,5,Oui,10 CV,Excellent,
Mercedes-Benz Classe A Diesel Automatique 2021,Phone IconDemander le prix,"Voitures d'occasion, à vendre",2021.0,Automatique,Diesel,140 000 - 149 999,Mercedes-Benz,Classe A,5,WW au Maroc,Non,8 CV,Très bon
Peugeot 208 diesel,145 000 DH,"Voitures d'occasion, à vendre",2022.0,Manuelle,Diesel,120 000 - 129 999,Peugeot,208,5,WW au Maroc,Non,6 CV,Très bon
Opel Crossland Diesel Manuelle 2020 à Tanger,149 000 DH,"Voitures d'occasion, à vendre",2020.0,Manuelle,Diesel,110 000 - 119 999,Opel,Crossland,5,WW au Maroc,Oui,6 CV,Bon
SEAT FORMENTOR ESSANCE,Phone IconDemander le prix,"Voitures d'occasion, à vendre",2021.0,Automatique,Essence,75 000 - 79 999,Cupra,Formentor,5,Importée neuve,8 CV,Excellent,
Peugeot 3008 allure Automatique 2020 à Casablanca,225 000 DH,"Voitures d'occasion, à vendre",2020.0,Automatique,Diesel,85 000 - 89 999,Peugeot,3008,5,WW au Maroc,Oui,8 CV,Excellent
Golf4 diwana,68 000 DH,"Voitures d'occasion, à vendre",2002.0,Manuelle,Diesel,250 000 - 299 999,Volkswagen,Golf 4,5,Dédouanée,Non,8 CV,Très bon
اهلا بكم في الجودة لجميع السيارات,1 DH,"Voitures de location, à louer",,,,,,,,,,,
Location de luxe voiture à partir 900,900 DH,"Voitures de location, à louer",,,,,,,,,,,
Dacia duster prestige Manuel,205 000 DH,,,,,,,,,,,,
Volkswagen Golf 8 Diesel Automatique 2022,317 000 DH,,,,,,,,,,,,
hyundai santa fe,305 000 DH,,,,,,,,,,,,
Range autobiographie 2013,188 000 DH,,,,,,,,,,,,
Seat atica 2019 d 2025 automatique,Phone IconDemander le prix,,,,,,,,,,,,
Volkswagen Arteon Diesel Automatique 2020,Phone IconDemander le prix,"Voitures d'occasion, à vendre",2020.0,Automatique,Diesel,150 000 - 159 999,Volkswagen,Arteon,5,8 CV,Excellent,ABS,Airbags
Range Rover Sport Autobigraphy,Phone IconDemander le prix,"Voitures d'occasion, à vendre",2019.0,Automatique,Diesel,100 000 - 109 999,Land Rover,Range Rover Sport,5,Importée neuve,12 CV,Excellent,ABS
Pejeut 208 allure,Phone IconDemander le prix,"Voitures d'occasion, à vendre",2023.0,Manuelle,Diesel,75 000 - 79 999,Peugeot,208,5,WW au Maroc,Oui,6 CV,Excellent
Location de voiture,199 DH,"Voitures de location, à louer",,,,,,,,,,,
Kia Sportage disponible,Phone IconDemander le prix,"Voitures de location, à louer",,,,,,,,,,,
C5 Diesel 2009 diwana à Casablanca,87 000 DH,"Voitures d'occasion, à vendre",2009.0,Manuelle,Diesel,200 000 - 249 999,Citroën,C5,5,Dédouanée,Non,8 CV,Très bon
PROMOTION LOCATION DE VOITURE,149 DH,"Voitures de location, à louer",,,,,,,,,,,
Kia Ceed Diesel 2015,119 000 DH,"Voitures d'occasion, à vendre",2015.0,Manuelle,Diesel,140 000 - 149 999,Kia,Ceed,5,WW au Maroc,Non,6 CV,Très bon
JEEP CHEROKEE 2.0 CRDI 170 AUTOMATIQUE 4x4 2017,159 000 DH,"Voitures d'occasion, à vendre",2017.0,Automatique,Diesel,160 000 - 169 999,Jeep,Cherokee,5,WW au Maroc,Non,8 CV,Très bon
Porsche Macan FULL Carbon,Phone IconDemander le prix,"Voitures d'occasion, à vendre",2021.0,Automatique,Essence,85 000 - 89 999,Porsche,Macan,5,Importée neuve,Oui,11 CV,Excellent
KIA Picanto disponible pour location,Phone IconDemander le prix,"Voitures de location, à louer",,,,,,,,,,,
audi Q7 s line 2020,Phone IconDemander le prix,"Voitures d'occasion, à vendre",2020.0,Automatique,Diesel,150 000 - 159 999,Audi,Q7,5,WW au Maroc,Oui,12 CV,Très bon
Location de voiture à Casablanca,Phone IconDemander le prix,"Voitures de location, à louer",,,,,,,,,,,
Volvo S60 Diesel Automatique 2019 à Casablanca,239 000 DH,"Voitures d'occasion, à vendre",2019.0,Automatique,Diesel,40 000 - 44 999,Volvo,S60,5,WW au Maroc,Non,8 CV,Très bon
voiture,103 000 DH,"Voitures d'occasion, à vendre",2016.0,Manuelle,Diesel,180 000 - 189 999,Citroën,C-Elysée,5,WW au Maroc,Oui,6 CV,Pour Pièces
Ford Fiesta 2019,Phone IconDemander le prix,"Voitures d'occasion, à vendre",2019.0,Manuelle,Essence,75 000 - 79 999,Ford,Fiesta,5,WW au Maroc,Oui,6 CV,Excellent
Location de voiture économique aéroport Marrakech,199 DH,"Voitures de location, à louer",,,,,,,,,,,
Mercedes-Benz  CLASSE C 220 Pack AMG,257 000 DH,"Voitures d'occasion, à vendre",2014.0,Automatique,Diesel,190 000 - 199 999,Mercedes-Benz,220,5,WW au Maroc,Non,9 CV,Excellent
Maserati ghibli reprise,248 000 DH,"Voitures d'occasion, à vendre",2016.0,Automatique,Diesel,140 000 - 149 999,Maserati,Ghibli,5,WW au Maroc,Non,12 CV,Excellent
Dacia WW disponible à Casablanca,199 DH,"Voitures de location, à louer",,,,,,,,,,,
Volvo XC60 2022,Phone IconDemander le prix,"Voitures d'occasion, à vendre",2022.0,Automatique,Diesel,50 000 - 54 999,Volvo,XC60,5,WW au Maroc,Oui,8 CV,Très bon
Location de voiture à Casablanca,199 DH,"Voitures de location, à louer",,,,,,,,,,,
Mercedes-Benz Classe C Diesel Automatique 2016,210 000 DH,"Voitures d'occasion, à vendre",2016.0,Automatique,Diesel,180 000 - 189 999,Mercedes-Benz,Classe C,5,WW au Maroc,Non,6 CV,Très bon
Megane Orange location de voiture a Tanger,239 DH,"Voitures de location, à louer",,,,,,,,,,,
Fiat 500 1.2 l 69 Sport,167 000 DH,"Voitures d'occasion, à vendre",2024.0,Automatique,Essence,30 000 - 34 999,Fiat,500,5,WW au Maroc,Oui,7 CV,Très bon
Range Rover VOGUE,420 000 DH,"Voitures d'occasion, à vendre",2017.0,Automatique,Diesel,110 000 - 119 999,Land Rover,Range Rover Vogue,5,WW au Maroc,Oui,12 CV,Excellent
BMW série 5 essence,119 000 DH,"Voitures d'occasion, à vendre",2010.0,Automatique,Essence,250 000 - 299 999,BMW,Série 5,WW au Maroc,Non,12 CV,Excellent,ABS
Mercedes-Benz GLC 300de Pack AMG Line plus,Phone IconDemander le prix,"Voitures d'occasion, à vendre",2025.0,Automatique,Electrique,0 - 4 999,Mercedes-Benz,Classe GLC,5,Importée neuve,Oui,8 CV,Excellent
C3  disponible à louer,Phone IconDemander le prix,"Voitures de location, à louer",,,,,,,,,,,
HYUNDAI TUCSON(luxe) 2023 TOUTES OPTIONS,Phone IconDemander le prix,"Voitures d'occasion, à vendre",2023.0,Automatique,Diesel,75 000 - 79 999,Hyundai,Tucson,5,WW au Maroc,Oui,6 CV,Neuf
